sys.exec.out.time {s},planet_rel_state.relstate_name.position_vector_only {--},planet_rel_state.relstate_name.state.rot.ang_vel_mag {rad/s},planet_rel_state.relstate_direct.position_vector_only {--},planet_rel_state.relstate_direct.state.rot.ang_vel_mag {rad/s},planet_rel_state.position_mag_name {m},planet_rel_state.position_mag_direct {m},planet_rel_state.velocity_mag_name {m/s},planet_rel_state.velocity_mag_direct {m/s},planet_rel_state.relstate_name.state.trans.position[0] {m},planet_rel_state.relstate_name.state.trans.position[1] {m},planet_rel_state.relstate_name.state.trans.position[2] {m},planet_rel_state.relstate_name.state.trans.velocity[0] {m/s},planet_rel_state.relstate_name.state.trans.velocity[1] {m/s},planet_rel_state.relstate_name.state.trans.velocity[2] {m/s},planet_rel_state.relstate_direct.state.trans.position[0] {m},planet_rel_state.relstate_direct.state.trans.position[1] {m},planet_rel_state.relstate_direct.state.trans.position[2] {m},planet_rel_state.relstate_direct.state.trans.velocity[0] {m/s},planet_rel_state.relstate_direct.state.trans.velocity[1] {m/s},planet_rel_state.relstate_direct.state.trans.velocity[2] {m/s}
                   0,1,                   0,1,                   0,                   0,                   0,                   0,                   0,                   0,                   0,                   0,                   0,                   0,                   0,                   0,                   0,                   0,                   0,                   0,                   0
                  10,1,                   0,1,                   0,                   0,                   0,                   0,                   0,                   0,                   0,                   0,                   0,                   0,                   0,                   0,                   0,                   0,                   0,                   0,                   0
                  20,1,                   0,1,                   0,                   0,                   0,                   0,                   0,                   0,                   0,                   0,                   0,                   0,                   0,                   0,                   0,                   0,                   0,                   0,                   0
                  30,1,                   0,1,                   0,                   0,                   0,                   0,                   0,                   0,                   0,                   0,                   0,                   0,                   0,                   0,                   0,                   0,                   0,                   0,                   0
                  40,1,                   0,1,                   0,                   0,                   0,                   0,                   0,                   0,                   0,                   0,                   0,                   0,                   0,                   0,                   0,                   0,                   0,                   0,                   0
                  50,1,                   0,1,                   0,                   0,                   0,                   0,                   0,                   0,                   0,                   0,                   0,                   0,                   0,                   0,                   0,                   0,                   0,                   0,                   0
                  60,1,                   0,1,                   0,                   0,                   0,                   0,                   0,                   0,                   0,                   0,                   0,                   0,                   0,                   0,                   0,                   0,                   0,                   0,                   0
                  70,1,                   0,1,                   0,                   0,                   0,                   0,                   0,                   0,                   0,                   0,                   0,                   0,                   0,                   0,                   0,                   0,                   0,                   0,                   0
                  80,1,                   0,1,                   0,                   0,                   0,                   0,                   0,                   0,                   0,                   0,                   0,                   0,                   0,                   0,                   0,                   0,                   0,                   0,                   0
                  90,1,                   0,1,                   0,                   0,                   0,                   0,                   0,                   0,                   0,                   0,                   0,                   0,                   0,                   0,                   0,                   0,                   0,                   0,                   0
                 100,1,                   0,1,                   0,                   0,                   0,                   0,                   0,                   0,                   0,                   0,                   0,                   0,                   0,                   0,                   0,                   0,                   0,                   0,                   0
                 110,1,                   0,1,                   0,                   0,                   0,                   0,                   0,                   0,                   0,                   0,                   0,                   0,                   0,                   0,                   0,                   0,                   0,                   0,                   0
                 120,1,                   0,1,                   0,                   0,                   0,                   0,                   0,                   0,                   0,                   0,                   0,                   0,                   0,                   0,                   0,                   0,                   0,                   0,                   0
                 130,1,                   0,1,                   0,                   0,                   0,                   0,                   0,                   0,                   0,                   0,                   0,                   0,                   0,                   0,                   0,                   0,                   0,                   0,                   0
                 140,1,                   0,1,                   0,                   0,                   0,                   0,                   0,                   0,                   0,                   0,                   0,                   0,                   0,                   0,                   0,                   0,                   0,                   0,                   0
                 150,1,                   0,1,                   0,                   0,                   0,                   0,                   0,                   0,                   0,                   0,                   0,                   0,                   0,                   0,                   0,                   0,                   0,                   0,                   0
                 160,1,                   0,1,                   0,                   0,                   0,                   0,                   0,                   0,                   0,                   0,                   0,                   0,                   0,                   0,                   0,                   0,                   0,                   0,                   0
                 170,1,                   0,1,                   0,                   0,                   0,                   0,                   0,                   0,                   0,                   0,                   0,                   0,                   0,                   0,                   0,                   0,                   0,                   0,                   0
                 180,1,                   0,1,                   0,                   0,                   0,                   0,                   0,                   0,                   0,                   0,                   0,                   0,                   0,                   0,                   0,                   0,                   0,                   0,                   0
                 190,1,                   0,1,                   0,                   0,                   0,                   0,                   0,                   0,                   0,                   0,                   0,                   0,                   0,                   0,                   0,                   0,                   0,                   0,                   0
                 200,1,                   0,1,                   0,   151964070406.9281,   151964070406.9281,                   0,                   0,  -14649181587.35344,  -138777122409.5679,  -60161370240.23262,                   0,                   0,                   0,  -14649181587.35344,  -138777122409.5679,  -60161370240.23262,                   0,                   0,                   0
                 210,1,                   0,1,                   0,   151964071892.1154,   151964071892.1154,                   0,                   0,  -14648889999.06358,  -138777149685.1535,   -60161382074.3163,                   0,                   0,                   0,  -14648889999.06358,  -138777149685.1535,   -60161382074.3163,                   0,                   0,                   0
                 220,1,                   0,1,                   0,   151964073377.2947,   151964073377.2947,                   0,                   0,  -14648598410.79429,  -138777176960.2088,  -60161393908.16986,                   0,                   0,                   0,  -14648598410.79429,  -138777176960.2088,  -60161393908.16986,                   0,                   0,                   0
                 230,1,                   0,1,                   0,   151964074862.4665,   151964074862.4665,                   0,                   0,  -14648306822.39892,  -138777204234.7474,  -60161405741.79929,                   0,                   0,                   0,  -14648306822.39892,  -138777204234.7474,  -60161405741.79929,                   0,                   0,                   0
                 240,1,                   0,1,                   0,   151964076347.6306,   151964076347.6306,                   0,                   0,   -14648015233.9508,  -138777231508.7625,  -60161417575.20159,                   0,                   0,                   0,   -14648015233.9508,  -138777231508.7625,  -60161417575.20159,                   0,                   0,                   0
                 250,1,                   0,1,                   0,   151964077832.7865,   151964077832.7865,                   0,                   0,  -14647723645.52324,  -138777258782.2473,   -60161429408.3738,                   0,                   0,                   0,  -14647723645.52324,  -138777258782.2473,   -60161429408.3738,                   0,                   0,                   0
                 260,1,                   0,1,                   0,   151964079317.9351,   151964079317.9351,                   0,                   0,  -14647432056.96962,  -138777286055.2155,  -60161441241.32185,                   0,                   0,                   0,  -14647432056.96962,  -138777286055.2155,  -60161441241.32185,                   0,                   0,                   0
                 270,1,                   0,1,                   0,   151964080803.0756,   151964080803.0756,                   0,                   0,  -14647140468.43657,  -138777313327.6534,  -60161453074.03982,                   0,                   0,                   0,  -14647140468.43657,  -138777313327.6534,  -60161453074.03982,                   0,                   0,                   0
                 280,1,                   0,1,                   0,   151964082288.2086,   151964082288.2086,                   0,                   0,  -14646848879.77744,  -138777340599.5746,  -60161464906.53363,                   0,                   0,                   0,  -14646848879.77744,  -138777340599.5746,  -60161464906.53363,                   0,                   0,                   0
                 290,1,                   0,1,                   0,   151964083773.3336,   151964083773.3336,                   0,                   0,  -14646557291.13889,  -138777367870.9655,  -60161476738.79735,                   0,                   0,                   0,  -14646557291.13889,  -138777367870.9655,  -60161476738.79735,                   0,                   0,                   0
                 300,1,                   0,1,                   0,   151964085258.4512,   151964085258.4512,                   0,                   0,  -14646265702.37427,  -138777395141.8398,  -60161488570.83693,                   0,                   0,                   0,  -14646265702.37427,  -138777395141.8398,  -60161488570.83693,                   0,                   0,                   0
                 310,1,                   0,1,                   0,    151964086743.561,    151964086743.561,                   0,                   0,   -14645974113.5569,  -138777422412.1906,  -60161500402.64938,                   0,                   0,                   0,   -14645974113.5569,  -138777422412.1906,  -60161500402.64938,                   0,                   0,                   0
                 320,1,                   0,1,                   0,   151964088228.6627,   151964088228.6627,                   0,                   0,  -14645682524.76011,   -138777449682.011,  -60161512234.23173,                   0,                   0,                   0,  -14645682524.76011,   -138777449682.011,  -60161512234.23173,                   0,                   0,                   0
                 330,1,                   0,1,                   0,    151964089713.757,    151964089713.757,                   0,                   0,  -14645390935.83726,  -138777476951.3149,  -60161524065.58994,                   0,                   0,                   0,  -14645390935.83726,  -138777476951.3149,  -60161524065.58994,                   0,                   0,                   0
                 340,1,                   0,1,                   0,   151964091198.8432,   151964091198.8432,                   0,                   0,  -14645099346.93498,  -138777504220.0884,  -60161535896.71803,                   0,                   0,                   0,  -14645099346.93498,  -138777504220.0884,  -60161535896.71803,                   0,                   0,                   0
                 350,1,                   0,1,                   0,   151964092683.9221,   151964092683.9221,                   0,                   0,  -14644807757.90664,  -138777531488.3453,    -60161547727.622,                   0,                   0,                   0,  -14644807757.90664,  -138777531488.3453,    -60161547727.622,                   0,                   0,                   0
                 360,1,                   0,1,                   0,   151964094168.9928,   151964094168.9928,                   0,                   0,  -14644516168.89888,  -138777558756.0719,  -60161559558.29588,                   0,                   0,                   0,  -14644516168.89888,  -138777558756.0719,  -60161559558.29588,                   0,                   0,                   0
                 370,1,                   0,1,                   0,   151964095654.0561,   151964095654.0561,                   0,                   0,  -14644224579.76506,  -138777586023.2818,  -60161571388.74558,                   0,                   0,                   0,  -14644224579.76506,  -138777586023.2818,  -60161571388.74558,                   0,                   0,                   0
                 380,1,                   0,1,                   0,   151964097139.1116,   151964097139.1116,                   0,                   0,  -14643932990.57849,  -138777613289.9682,  -60161583218.96819,                   0,                   0,                   0,  -14643932990.57849,  -138777613289.9682,  -60161583218.96819,                   0,                   0,                   0
                 390,1,                   0,1,                   0,   151964098624.1591,   151964098624.1591,                   0,                   0,  -14643641401.41252,  -138777640556.1244,  -60161595048.96069,                   0,                   0,                   0,  -14643641401.41252,  -138777640556.1244,  -60161595048.96069,                   0,                   0,                   0
                 400,1,                   0,1,                   0,   151964100109.1992,   151964100109.1992,                   0,                   0,  -14643349812.12049,  -138777667821.7639,  -60161606878.72904,                   0,                   0,                   0,  -14643349812.12049,  -138777667821.7639,  -60161606878.72904,                   0,                   0,                   0
                 410,1,                   0,1,                   0,   151964101594.2311,   151964101594.2311,                   0,                   0,  -14643058222.84904,   -138777695086.873,  -60161618708.26729,                   0,                   0,                   0,  -14643058222.84904,   -138777695086.873,  -60161618708.26729,                   0,                   0,                   0
                 420,1,                   0,1,                   0,   151964103079.2557,   151964103079.2557,                   0,                   0,  -14642766633.45154,  -138777722351.4656,  -60161630537.58141,                   0,                   0,                   0,  -14642766633.45154,  -138777722351.4656,  -60161630537.58141,                   0,                   0,                   0
                 430,1,                   0,1,                   0,   151964104564.2721,   151964104564.2721,                   0,                   0,  -14642475044.07462,  -138777749615.5278,  -60161642366.66542,                   0,                   0,                   0,  -14642475044.07462,  -138777749615.5278,  -60161642366.66542,                   0,                   0,                   0
                 440,1,                   0,1,                   0,   151964106049.2812,   151964106049.2812,                   0,                   0,  -14642183454.57165,  -138777776879.0734,  -60161654195.52528,                   0,                   0,                   0,  -14642183454.57165,  -138777776879.0734,  -60161654195.52528,                   0,                   0,                   0
                 450,1,                   0,1,                   0,   151964107534.2825,   151964107534.2825,                   0,                   0,  -14641891865.01595,  -138777804142.0955,  -60161666024.15802,                   0,                   0,                   0,  -14641891865.01595,  -138777804142.0955,  -60161666024.15802,                   0,                   0,                   0
                 460,1,                   0,1,                   0,   151964109019.2757,   151964109019.2757,                   0,                   0,  -14641600275.48084,  -138777831404.5873,  -60161677852.56067,                   0,                   0,                   0,  -14641600275.48084,  -138777831404.5873,  -60161677852.56067,                   0,                   0,                   0
                 470,1,                   0,1,                   0,   151964110504.2615,   151964110504.2615,                   0,                   0,  -14641308685.81968,  -138777858666.5624,  -60161689680.73917,                   0,                   0,                   0,  -14641308685.81968,  -138777858666.5624,  -60161689680.73917,                   0,                   0,                   0
                 480,1,                   0,1,                   0,   151964111989.2392,   151964111989.2392,                   0,                   0,  -14641017096.17912,  -138777885928.0073,  -60161701508.68757,                   0,                   0,                   0,  -14641017096.17912,  -138777885928.0073,  -60161701508.68757,                   0,                   0,                   0
                 490,1,                   0,1,                   0,   151964113474.2095,   151964113474.2095,                   0,                   0,   -14640725506.4125,  -138777913188.9355,  -60161713336.41183,                   0,                   0,                   0,   -14640725506.4125,  -138777913188.9355,  -60161713336.41183,                   0,                   0,                   0
                 500,1,                   0,1,                   0,   151964114959.1717,   151964114959.1717,                   0,                   0,  -14640433916.66649,  -138777940449.3334,  -60161725163.90598,                   0,                   0,                   0,  -14640433916.66649,  -138777940449.3334,  -60161725163.90598,                   0,                   0,                   0
                 510,1,                   0,1,                   0,   151964116444.1265,   151964116444.1265,                   0,                   0,  -14640142326.79442,  -138777967709.2146,  -60161736991.17599,                   0,                   0,                   0,  -14640142326.79442,  -138777967709.2146,  -60161736991.17599,                   0,                   0,                   0
                 520,1,                   0,1,                   0,   151964117929.0736,   151964117929.0736,                   0,                   0,  -14639850736.86963,  -138777994968.5724,  -60161748818.21887,                   0,                   0,                   0,  -14639850736.86963,  -138777994968.5724,  -60161748818.21887,                   0,                   0,                   0
                 530,1,                   0,1,                   0,   151964119414.0125,   151964119414.0125,                   0,                   0,  -14639559146.96544,  -138778022227.3998,  -60161760645.03166,                   0,                   0,                   0,  -14639559146.96544,  -138778022227.3998,  -60161760645.03166,                   0,                   0,                   0
                 540,1,                   0,1,                   0,   151964120898.9441,   151964120898.9441,                   0,                   0,  -14639267556.93521,  -138778049485.7106,   -60161772471.6203,                   0,                   0,                   0,  -14639267556.93521,  -138778049485.7106,   -60161772471.6203,                   0,                   0,                   0
                 550,1,                   0,1,                   0,   151964122383.8676,   151964122383.8676,                   0,                   0,  -14638975966.92558,  -138778076743.4911,  -60161784297.97885,                   0,                   0,                   0,  -14638975966.92558,  -138778076743.4911,  -60161784297.97885,                   0,                   0,                   0
                 560,1,                   0,1,                   0,   151964123868.7836,   151964123868.7836,                   0,                   0,  -14638684376.78991,  -138778104000.7549,  -60161796124.11325,                   0,                   0,                   0,  -14638684376.78991,  -138778104000.7549,  -60161796124.11325,                   0,                   0,                   0
                 570,1,                   0,1,                   0,   151964125353.6915,   151964125353.6915,                   0,                   0,  -14638392786.67484,  -138778131257.4885,  -60161807950.01756,                   0,                   0,                   0,  -14638392786.67484,  -138778131257.4885,  -60161807950.01756,                   0,                   0,                   0
                 580,1,                   0,1,                   0,   151964126838.5921,   151964126838.5921,                   0,                   0,  -14638101196.43373,  -138778158513.7054,  -60161819775.69772,                   0,                   0,                   0,  -14638101196.43373,  -138778158513.7054,  -60161819775.69772,                   0,                   0,                   0
                 590,1,                   0,1,                   0,   151964128323.4849,   151964128323.4849,                   0,                   0,  -14637809606.13991,  -138778185769.3988,  -60161831601.15073,                   0,                   0,                   0,  -14637809606.13991,  -138778185769.3988,  -60161831601.15073,                   0,                   0,                   0
                 600,1,                   0,1,                   0,   151964129808.3696,   151964129808.3696,                   0,                   0,   -14637518015.8667,  -138778213024.5619,  -60161843426.37368,                   0,                   0,                   0,   -14637518015.8667,  -138778213024.5619,  -60161843426.37368,                   0,                   0,                   0
                 610,1,                   0,1,                   0,   151964131293.2469,   151964131293.2469,                   0,                   0,  -14637226425.46744,  -138778240279.2084,  -60161855251.37247,                   0,                   0,                   0,  -14637226425.46744,  -138778240279.2084,  -60161855251.37247,                   0,                   0,                   0
                 620,1,                   0,1,                   0,   151964132778.1161,   151964132778.1161,                   0,                   0,   -14636934835.0888,  -138778267533.3245,  -60161867076.14114,                   0,                   0,                   0,   -14636934835.0888,  -138778267533.3245,  -60161867076.14114,                   0,                   0,                   0
                 630,1,                   0,1,                   0,   151964134262.9779,   151964134262.9779,                   0,                   0,  -14636643244.58412,   -138778294786.924,  -60161878900.68569,                   0,                   0,                   0,  -14636643244.58412,   -138778294786.924,  -60161878900.68569,                   0,                   0,                   0
                 640,1,                   0,1,                   0,   151964135747.8316,   151964135747.8316,                   0,                   0,  -14636351654.10005,  -138778322039.9932,  -60161890725.00014,                   0,                   0,                   0,  -14636351654.10005,  -138778322039.9932,  -60161890725.00014,                   0,                   0,                   0
                 650,1,                   0,1,                   0,   151964137232.6779,   151964137232.6779,                   0,                   0,  -14636060063.48996,  -138778349292.5457,  -60161902549.09043,                   0,                   0,                   0,  -14636060063.48996,  -138778349292.5457,  -60161902549.09043,                   0,                   0,                   0
                 660,1,                   0,1,                   0,   151964138717.5161,   151964138717.5161,                   0,                   0,  -14635768472.90047,   -138778376544.568,  -60161914372.95064,                   0,                   0,                   0,  -14635768472.90047,   -138778376544.568,  -60161914372.95064,                   0,                   0,                   0
                 670,1,                   0,1,                   0,   151964140202.3469,   151964140202.3469,                   0,                   0,  -14635476882.18496,  -138778403796.0735,  -60161926196.58669,                   0,                   0,                   0,  -14635476882.18496,  -138778403796.0735,  -60161926196.58669,                   0,                   0,                   0
                 680,1,                   0,1,                   0,     151964141687.17,     151964141687.17,                   0,                   0,  -14635185291.41674,  -138778431047.0557,  -60161938019.99561,                   0,                   0,                   0,  -14635185291.41674,  -138778431047.0557,  -60161938019.99561,                   0,                   0,                   0
                 690,1,                   0,1,                   0,   151964143171.9849,   151964143171.9849,                   0,                   0,  -14634893700.66913,  -138778458297.5074,  -60161949843.17445,                   0,                   0,                   0,  -14634893700.66913,  -138778458297.5074,  -60161949843.17445,                   0,                   0,                   0
                 700,1,                   0,1,                   0,   151964144656.7925,   151964144656.7925,                   0,                   0,   -14634602109.7955,  -138778485547.4426,  -60161961666.12914,                   0,                   0,                   0,   -14634602109.7955,  -138778485547.4426,  -60161961666.12914,                   0,                   0,                   0
                 710,1,                   0,1,                   0,   151964146141.5919,   151964146141.5919,                   0,                   0,  -14634310518.94249,  -138778512796.8474,  -60161973488.85372,                   0,                   0,                   0,  -14634310518.94249,  -138778512796.8474,  -60161973488.85372,                   0,                   0,                   0
                 720,1,                   0,1,                   0,   151964147626.3841,   151964147626.3841,                   0,                   0,  -14634018927.96345,  -138778540045.7357,  -60161985311.35416,                   0,                   0,                   0,  -14634018927.96345,  -138778540045.7357,  -60161985311.35416,                   0,                   0,                   0
                 730,1,                   0,1,                   0,    151964149111.168,    151964149111.168,                   0,                   0,  -14633727337.00504,  -138778567294.0935,   -60161997133.6245,                   0,                   0,                   0,  -14633727337.00504,  -138778567294.0935,   -60161997133.6245,                   0,                   0,                   0
                 740,1,                   0,1,                   0,   151964150595.9445,   151964150595.9445,                   0,                   0,   -14633435745.9206,  -138778594541.9348,   -60162008955.6707,                   0,                   0,                   0,   -14633435745.9206,  -138778594541.9348,   -60162008955.6707,                   0,                   0,                   0
                 750,1,                   0,1,                   0,   151964152080.7134,   151964152080.7134,                   0,                   0,  -14633144154.78346,  -138778621789.2525,  -60162020777.48977,                   0,                   0,                   0,  -14633144154.78346,  -138778621789.2525,  -60162020777.48977,                   0,                   0,                   0
                 760,1,                   0,1,                   0,   151964153565.4741,   151964153565.4741,                   0,                   0,  -14632852563.66695,    -138778649036.04,  -60162032599.07874,                   0,                   0,                   0,  -14632852563.66695,    -138778649036.04,  -60162032599.07874,                   0,                   0,                   0
                 770,1,                   0,1,                   0,   151964155050.2274,   151964155050.2274,                   0,                   0,  -14632560972.42442,  -138778676282.3108,  -60162044420.44357,                   0,                   0,                   0,  -14632560972.42442,  -138778676282.3108,  -60162044420.44357,                   0,                   0,                   0
                 780,1,                   0,1,                   0,   151964156534.9726,   151964156534.9726,                   0,                   0,  -14632269381.20252,  -138778703528.0513,   -60162056241.5783,                   0,                   0,                   0,  -14632269381.20252,  -138778703528.0513,   -60162056241.5783,                   0,                   0,                   0
                 790,1,                   0,1,                   0,   151964158019.7104,   151964158019.7104,                   0,                   0,   -14631977789.8546,  -138778730773.2751,  -60162068062.48888,                   0,                   0,                   0,   -14631977789.8546,  -138778730773.2751,  -60162068062.48888,                   0,                   0,                   0
                 800,1,                   0,1,                   0,   151964159355.9675,   151964159355.9675,                   0,                   0,  -14631715357.65507,  -138778755293.5235,  -60162078701.11183,                   0,                   0,                   0,  -14631715357.65507,  -138778755293.5235,  -60162078701.11183,                   0,                   0,                   0
                 810,1,                   0,1,                   0,   151964159355.9675,   151964159355.9675,                   0,                   0,  -14631715357.65507,  -138778755293.5235,  -60162078701.11183,                   0,                   0,                   0,  -14631715357.65507,  -138778755293.5235,  -60162078701.11183,                   0,                   0,                   0
                 820,1,                   0,1,                   0,   151964159355.9675,   151964159355.9675,                   0,                   0,  -14631715357.65507,  -138778755293.5235,  -60162078701.11183,                   0,                   0,                   0,  -14631715357.65507,  -138778755293.5235,  -60162078701.11183,                   0,                   0,                   0
                 830,1,                   0,1,                   0,   151964159355.9675,   151964159355.9675,                   0,                   0,  -14631715357.65507,  -138778755293.5235,  -60162078701.11183,                   0,                   0,                   0,  -14631715357.65507,  -138778755293.5235,  -60162078701.11183,                   0,                   0,                   0
                 840,1,                   0,1,                   0,   151964159355.9675,   151964159355.9675,                   0,                   0,  -14631715357.65507,  -138778755293.5235,  -60162078701.11183,                   0,                   0,                   0,  -14631715357.65507,  -138778755293.5235,  -60162078701.11183,                   0,                   0,                   0
                 850,1,                   0,1,                   0,   151964159355.9675,   151964159355.9675,                   0,                   0,  -14631715357.65507,  -138778755293.5235,  -60162078701.11183,                   0,                   0,                   0,  -14631715357.65507,  -138778755293.5235,  -60162078701.11183,                   0,                   0,                   0
                 860,1,                   0,1,                   0,   151964159355.9675,   151964159355.9675,                   0,                   0,  -14631715357.65507,  -138778755293.5235,  -60162078701.11183,                   0,                   0,                   0,  -14631715357.65507,  -138778755293.5235,  -60162078701.11183,                   0,                   0,                   0
                 870,1,                   0,1,                   0,   151964159355.9675,   151964159355.9675,                   0,                   0,  -14631715357.65507,  -138778755293.5235,  -60162078701.11183,                   0,                   0,                   0,  -14631715357.65507,  -138778755293.5235,  -60162078701.11183,                   0,                   0,                   0
                 880,1,                   0,1,                   0,   151964159355.9675,   151964159355.9675,                   0,                   0,  -14631715357.65507,  -138778755293.5235,  -60162078701.11183,                   0,                   0,                   0,  -14631715357.65507,  -138778755293.5235,  -60162078701.11183,                   0,                   0,                   0
                 890,1,                   0,1,                   0,   151964159355.9675,   151964159355.9675,                   0,                   0,  -14631715357.65507,  -138778755293.5235,  -60162078701.11183,                   0,                   0,                   0,  -14631715357.65507,  -138778755293.5235,  -60162078701.11183,                   0,                   0,                   0
                 900,1,                   0,1,                   0,   151964159355.9675,   151964159355.9675,                   0,                   0,  -14631715357.65507,  -138778755293.5235,  -60162078701.11183,                   0,                   0,                   0,  -14631715357.65507,  -138778755293.5235,  -60162078701.11183,                   0,                   0,                   0
                 910,1,                   0,1,                   0,   151964159355.9675,   151964159355.9675,                   0,                   0,  -14631715357.65507,  -138778755293.5235,  -60162078701.11183,                   0,                   0,                   0,  -14631715357.65507,  -138778755293.5235,  -60162078701.11183,                   0,                   0,                   0
                 920,1,                   0,1,                   0,   151964159355.9675,   151964159355.9675,                   0,                   0,  -14631715357.65507,  -138778755293.5235,  -60162078701.11183,                   0,                   0,                   0,  -14631715357.65507,  -138778755293.5235,  -60162078701.11183,                   0,                   0,                   0
                 930,1,                   0,1,                   0,   151964159355.9675,   151964159355.9675,                   0,                   0,  -14631715357.65507,  -138778755293.5235,  -60162078701.11183,                   0,                   0,                   0,  -14631715357.65507,  -138778755293.5235,  -60162078701.11183,                   0,                   0,                   0
                 940,1,                   0,1,                   0,   151964159355.9675,   151964159355.9675,                   0,                   0,  -14631715357.65507,  -138778755293.5235,  -60162078701.11183,                   0,                   0,                   0,  -14631715357.65507,  -138778755293.5235,  -60162078701.11183,                   0,                   0,                   0
                 950,1,                   0,1,                   0,   151964159355.9675,   151964159355.9675,                   0,                   0,  -14631715357.65507,  -138778755293.5235,  -60162078701.11183,                   0,                   0,                   0,  -14631715357.65507,  -138778755293.5235,  -60162078701.11183,                   0,                   0,                   0
                 960,1,                   0,1,                   0,   151964159355.9675,   151964159355.9675,                   0,                   0,  -14631715357.65507,  -138778755293.5235,  -60162078701.11183,                   0,                   0,                   0,  -14631715357.65507,  -138778755293.5235,  -60162078701.11183,                   0,                   0,                   0
                 970,1,                   0,1,                   0,   151964159355.9675,   151964159355.9675,                   0,                   0,  -14631715357.65507,  -138778755293.5235,  -60162078701.11183,                   0,                   0,                   0,  -14631715357.65507,  -138778755293.5235,  -60162078701.11183,                   0,                   0,                   0
                 980,1,                   0,1,                   0,   151964159355.9675,   151964159355.9675,                   0,                   0,  -14631715357.65507,  -138778755293.5235,  -60162078701.11183,                   0,                   0,                   0,  -14631715357.65507,  -138778755293.5235,  -60162078701.11183,                   0,                   0,                   0
                 990,1,                   0,1,                   0,   151964159355.9675,   151964159355.9675,                   0,                   0,  -14631715357.65507,  -138778755293.5235,  -60162078701.11183,                   0,                   0,                   0,  -14631715357.65507,  -138778755293.5235,  -60162078701.11183,                   0,                   0,                   0
                1000,1,                   0,1,                   0,   151964159355.9675,   151964159355.9675,                   0,                   0,  -14631715357.65507,  -138778755293.5235,  -60162078701.11183,                   0,                   0,                   0,  -14631715357.65507,  -138778755293.5235,  -60162078701.11183,                   0,                   0,                   0
